-- MySQL dump 10.13  Distrib 8.0.27, for macos11 (arm64)
--
-- Host: localhost    Database: WorkoutTrackerDB
-- ------------------------------------------------------
-- Server version	8.0.27

/*!40101 SET @OLD_CHARACTER_SET_CLIENT=@@CHARACTER_SET_CLIENT */;
/*!40101 SET @OLD_CHARACTER_SET_RESULTS=@@CHARACTER_SET_RESULTS */;
/*!40101 SET @OLD_COLLATION_CONNECTION=@@COLLATION_CONNECTION */;
/*!50503 SET NAMES utf8mb4 */;
/*!40103 SET @OLD_TIME_ZONE=@@TIME_ZONE */;
/*!40103 SET TIME_ZONE='+00:00' */;
/*!40014 SET @OLD_UNIQUE_CHECKS=@@UNIQUE_CHECKS, UNIQUE_CHECKS=0 */;
/*!40014 SET @OLD_FOREIGN_KEY_CHECKS=@@FOREIGN_KEY_CHECKS, FOREIGN_KEY_CHECKS=0 */;
/*!40101 SET @OLD_SQL_MODE=@@SQL_MODE, SQL_MODE='NO_AUTO_VALUE_ON_ZERO' */;
/*!40111 SET @OLD_SQL_NOTES=@@SQL_NOTES, SQL_NOTES=0 */;

--
-- Table structure for table `diet`
--

DROP TABLE IF EXISTS `diet`;
/*!40101 SET @saved_cs_client     = @@character_set_client */;
/*!50503 SET character_set_client = utf8mb4 */;
CREATE TABLE `diet` (
  `diet_id` int NOT NULL AUTO_INCREMENT,
  `person_id` int NOT NULL,
  `name` varchar(90) DEFAULT NULL,
  `start_date` date DEFAULT NULL,
  `stop_date` date DEFAULT NULL,
  `calories` int DEFAULT NULL,
  PRIMARY KEY (`diet_id`),
  KEY `person_id` (`person_id`),
  CONSTRAINT `diet_ibfk_1` FOREIGN KEY (`person_id`) REFERENCES `personal_information` (`person_id`)
) ENGINE=InnoDB AUTO_INCREMENT=126 DEFAULT CHARSET=utf8mb4 COLLATE=utf8mb4_0900_ai_ci;
/*!40101 SET character_set_client = @saved_cs_client */;

--
-- Dumping data for table `diet`
--

LOCK TABLES `diet` WRITE;
/*!40000 ALTER TABLE `diet` DISABLE KEYS */;
INSERT INTO `diet` VALUES (1,2,'2000_calories','2021-12-13','2022-11-14',2000),(2,1,'HAHAHA','2022-01-19','2022-01-21',1230),(4,1,'hahahah','2022-01-07','2021-06-27',3000),(5,6,'hahahah','2021-08-12','2021-09-18',3000),(6,6,'ppp','2022-01-17','2022-01-07',10000),(7,5,'ppp','2021-08-12','2021-04-27',3000),(8,2,'wwww','2022-01-15','2021-08-12',3000),(9,1,'ppp','2021-04-23','2021-01-30',2000),(10,3,'xd','2021-03-14','2021-08-18',2000),(11,6,'ppp','2021-01-30','2021-01-30',2000),(12,5,'xd','2021-01-30','2021-03-14',2000),(13,2,'xd','2021-01-30','2021-04-23',2000),(14,7,'wwww','2022-09-27','2022-01-27',10000),(15,6,'hahahah','2022-09-27','2021-01-30',10000),(16,4,'ppp','2022-01-17','2021-01-30',3000),(17,2,'ppp','2021-04-27','2022-01-28',3000),(18,3,'ppp','2021-07-07','2021-04-23',2000),(19,8,'xd','2021-07-07','2021-10-22',3000),(20,6,'ppp','2022-01-17','2021-04-23',3000),(21,1,'hahahah','2021-08-18','2021-04-23',10000),(22,5,'ppp','2021-08-18','2021-05-07',10000),(23,7,'hahahah','2022-01-15','2021-04-27',2000),(24,8,'hahahah','2022-01-15','2021-08-18',2000),(25,5,'wwww','2022-01-15','2022-01-15',2000),(26,4,'xd','2021-09-18','2022-01-17',2000),(27,4,'xd','2022-01-14','2022-01-07',10000),(28,5,'hahahah','2021-01-30','2021-04-27',10000),(29,5,'ppp','2021-08-18','2022-01-17',2000),(30,4,'hahahah','2022-01-14','2021-09-18',3000),(31,3,'xd','2022-01-17','2021-06-27',3000),(32,2,'ppp','2022-09-27','2022-01-17',3000),(33,5,'hahahah','2022-01-07','2022-01-28',10000),(34,1,'ppp','2022-01-14','2021-09-18',10000),(35,8,'ppp','2021-10-22','2021-01-30',10000),(36,1,'hahahah','2021-03-14','2022-01-07',2000),(37,8,'xd','2022-01-27','2022-01-17',10000),(38,5,'xd','2021-03-14','2021-01-30',10000),(39,1,'ppp','2021-03-14','2022-01-17',2000),(40,6,'wwww','2021-08-18','2021-03-14',3000),(41,7,'ppp','2022-01-27','2022-09-27',10000),(42,3,'hahahah','2022-01-17','2022-01-17',2000),(43,3,'xd','2022-01-15','2022-01-14',2000),(44,2,'xd','2022-09-27','2021-06-27',2000),(45,7,'ppp','2022-01-14','2022-01-17',3000),(46,4,'wwww','2022-09-27','2022-01-28',10000),(47,1,'ppp','2021-10-22','2022-01-27',2000),(48,2,'hahahah','2021-08-18','2021-07-07',10000),(49,3,'ppp','2021-04-27','2022-01-17',10000),(50,7,'wwww','2021-09-18','2021-09-18',10000),(51,3,'ppp','2022-01-27','2021-01-30',10000),(52,5,'hahahah','2022-01-27','2022-09-27',2000),(53,5,'ppp','2021-08-12','2022-01-15',2000),(54,8,'wwww','2022-01-27','2021-06-27',3000),(55,2,'wwww','2021-08-18','2021-05-07',10000),(56,2,'ppp','2022-01-07','2021-10-22',10000),(57,7,'wwww','2021-03-14','2021-05-07',3000),(58,5,'xd','2022-09-27','2021-08-18',10000),(59,5,'xd','2022-01-17','2021-08-12',10000),(60,5,'xd','2022-01-14','2022-01-27',10000),(61,2,'xd','2021-05-07','2022-01-17',3000),(62,3,'hahahah','2021-06-27','2021-06-27',10000),(63,6,'wwww','2021-05-07','2021-08-18',3000),(64,2,'xd','2021-10-22','2022-01-17',10000),(65,7,'hahahah','2022-01-07','2022-01-14',3000),(66,4,'ppp','2022-01-27','2021-05-07',10000),(67,5,'wwww','2022-09-27','2021-08-12',10000),(68,4,'ppp','2022-01-17','2022-01-17',3000),(69,5,'xd','2021-04-23','2022-01-07',2000),(70,8,'hahahah','2021-03-14','2021-03-14',10000),(71,8,'hahahah','2021-04-23','2022-01-17',10000),(72,8,'wwww','2021-04-23','2022-01-07',3000),(73,4,'xd','2022-01-14','2022-01-28',3000),(74,1,'xd','2022-01-07','2022-01-17',2000),(75,1,'xd','2022-01-17','2022-01-28',3000),(76,3,'xd','2022-01-27','2021-04-23',3000),(77,1,'hahahah','2021-07-07','2021-03-14',10000),(78,1,'hahahah','2021-05-07','2021-01-30',10000),(79,6,'hahahah','2022-01-15','2022-01-17',2000),(80,4,'xd','2021-05-07','2022-09-27',2000),(81,1,'hahahah','2021-05-07','2022-01-17',3000),(82,7,'ppp','2022-01-27','2021-06-27',2000),(83,4,'hahahah','2022-01-17','2022-01-17',2000),(84,2,'hahahah','2022-09-27','2021-04-27',10000),(85,5,'wwww','2022-01-17','2021-06-27',10000),(86,5,'xd','2021-04-27','2022-01-17',3000),(87,3,'hahahah','2021-03-14','2021-10-22',10000),(88,2,'xd','2022-01-17','2021-10-22',2000),(89,1,'xd','2021-04-23','2021-04-27',2000),(90,7,'wwww','2021-10-22','2022-01-14',2000),(91,6,'wwww','2021-06-27','2021-10-22',10000),(92,4,'hahahah','2021-07-07','2022-01-27',10000),(93,4,'ppp','2021-07-07','2021-03-14',2000),(94,6,'wwww','2022-01-27','2022-01-17',3000),(95,5,'wwww','2021-01-30','2021-10-22',2000),(96,7,'xd','2022-01-14','2021-08-18',2000),(97,4,'hahahah','2022-01-15','2022-09-27',10000),(98,1,'wwww','2021-09-18','2021-04-27',3000),(99,8,'ppp','2022-01-17','2022-09-27',10000),(100,2,'ppp','2022-01-27','2021-07-07',2000),(101,3,'hahahah','2021-10-22','2021-04-27',2000),(102,8,'xd','2021-09-18','2021-08-18',2000),(103,8,'wwww','2021-09-18','2022-01-28',10000),(104,3,'hahahah','2021-08-18','2021-03-14',3000),(105,7,'hahahah','2021-03-14','2022-01-07',2000),(106,5,'hahahah','2021-09-18','2021-03-14',2000),(107,2,'xd','2022-09-27','2021-05-07',3000),(108,4,'xd','2021-03-14','2022-01-27',3000),(109,3,'hahahah','2022-01-17','2021-10-22',10000),(110,6,'ppp','2021-03-14','2021-04-27',10000),(111,1,'xd','2021-05-07','2021-08-12',3000),(112,7,'wwww','2022-09-27','2021-10-22',2000),(113,1,'ppp','2022-01-27','2022-09-27',10000),(114,4,'wwww','2021-04-23','2022-01-15',10000),(115,4,'hahahah','2021-09-18','2022-09-27',10000),(116,2,'wwww','2022-01-14','2022-01-14',2000),(117,6,'xd','2022-01-15','2021-08-12',2000),(118,6,'xd','2021-04-23','2022-09-27',10000),(119,1,'xd','2022-01-27','2022-01-17',3000),(120,6,'wwww','2022-01-07','2021-06-27',10000),(121,3,'ppp','2021-03-14','2022-01-17',2000),(122,7,'ppp','2022-01-14','2022-01-07',3000),(123,8,'ppp','2022-01-28','2022-01-28',2000),(124,8,'hahahah','2021-06-27','2021-03-14',3000),(125,5,'ppp','2022-01-07','2022-01-17',10000);
/*!40000 ALTER TABLE `diet` ENABLE KEYS */;
UNLOCK TABLES;

--
-- Table structure for table `personal_information`
--

DROP TABLE IF EXISTS `personal_information`;
/*!40101 SET @saved_cs_client     = @@character_set_client */;
/*!50503 SET character_set_client = utf8mb4 */;
CREATE TABLE `personal_information` (
  `person_id` int NOT NULL AUTO_INCREMENT,
  `first_name` varchar(90) DEFAULT NULL,
  `last_name` varchar(90) DEFAULT NULL,
  `birth_date` date DEFAULT NULL,
  `phone_number` int DEFAULT NULL,
  `nationality` varchar(90) DEFAULT NULL,
  `registration_date` date DEFAULT NULL,
  PRIMARY KEY (`person_id`)
) ENGINE=InnoDB AUTO_INCREMENT=9 DEFAULT CHARSET=utf8mb4 COLLATE=utf8mb4_0900_ai_ci;
/*!40101 SET character_set_client = @saved_cs_client */;

--
-- Dumping data for table `personal_information`
--

LOCK TABLES `personal_information` WRITE;
/*!40000 ALTER TABLE `personal_information` DISABLE KEYS */;
INSERT INTO `personal_information` VALUES (1,'Adam','Smith','1998-03-12',123456789,'Polish','2011-12-12'),(2,'John','Wynn','1997-09-11',123456789,'Polish','2011-12-12'),(3,'a','b','2022-01-01',123234345,'American','2022-01-27'),(4,'John','W','2022-01-17',90909090,'American','2022-01-28'),(5,'a','a','2022-01-17',9098765,'Polish','2022-01-17'),(6,'Mike','Woo','1998-09-18',56678690,'French','2012-08-17'),(7,'Tom','Dee','2001-08-09',687669888,'Czech','2009-01-01'),(8,'Matt','Oppenheimer','1999-09-09',797080776,'American','2001-09-08');
/*!40000 ALTER TABLE `personal_information` ENABLE KEYS */;
UNLOCK TABLES;

--
-- Table structure for table `rest`
--

DROP TABLE IF EXISTS `rest`;
/*!40101 SET @saved_cs_client     = @@character_set_client */;
/*!50503 SET character_set_client = utf8mb4 */;
CREATE TABLE `rest` (
  `rest_id` int NOT NULL AUTO_INCREMENT,
  `person_id` int NOT NULL,
  `date` date DEFAULT NULL,
  `night_sleep_hours` int DEFAULT NULL,
  `relax_hours` int DEFAULT NULL,
  PRIMARY KEY (`rest_id`),
  KEY `person_id` (`person_id`),
  CONSTRAINT `rest_ibfk_1` FOREIGN KEY (`person_id`) REFERENCES `personal_information` (`person_id`)
) ENGINE=InnoDB AUTO_INCREMENT=128 DEFAULT CHARSET=utf8mb4 COLLATE=utf8mb4_0900_ai_ci;
/*!40101 SET character_set_client = @saved_cs_client */;

--
-- Dumping data for table `rest`
--

LOCK TABLES `rest` WRITE;
/*!40000 ALTER TABLE `rest` DISABLE KEYS */;
INSERT INTO `rest` VALUES (1,5,'2022-01-28',7,0),(2,5,'2022-01-27',11,2),(4,1,'2022-01-28',7,0),(5,1,'2022-01-18',12,1),(6,8,'2022-01-07',8,8),(7,8,'2022-01-17',10,8),(8,4,'2021-08-12',10,8),(9,1,'2021-09-18',9,10),(10,1,'2021-04-23',9,8),(11,4,'2022-09-27',10,8),(12,8,'2022-01-27',7,12),(13,4,'2021-03-14',12,10),(14,1,'2021-06-27',7,10),(15,2,'2022-01-07',12,10),(16,4,'2022-01-17',10,12),(17,2,'2021-10-22',12,12),(18,2,'2021-09-18',12,7),(19,3,'2022-01-27',9,12),(20,6,'2021-08-12',10,12),(21,2,'2021-01-30',9,9),(22,5,'2021-01-30',8,9),(23,7,'2021-07-07',7,10),(24,3,'2022-01-27',10,7),(25,2,'2021-01-30',8,7),(26,8,'2021-01-30',9,8),(27,6,'2021-01-30',12,12),(28,3,'2021-05-07',8,10),(29,5,'2022-09-27',9,10),(30,2,'2022-01-07',7,9),(31,6,'2021-08-18',12,9),(32,5,'2021-09-18',10,12),(33,6,'2022-01-27',10,8),(34,3,'2021-08-18',9,12),(35,6,'2022-09-27',12,8),(36,7,'2021-04-27',9,10),(37,3,'2021-04-23',9,12),(38,4,'2022-01-15',9,9),(39,7,'2021-07-07',9,9),(40,3,'2022-01-17',8,8),(41,6,'2022-09-27',8,9),(42,3,'2021-04-23',9,12),(43,5,'2021-01-30',12,8),(44,2,'2022-01-07',8,10),(45,6,'2022-09-27',9,9),(46,8,'2022-01-27',8,10),(47,1,'2022-01-15',7,9),(48,5,'2022-01-17',7,12),(49,8,'2021-08-12',10,12),(50,7,'2022-09-27',8,9),(51,7,'2021-10-22',7,8),(52,5,'2021-08-18',9,9),(53,4,'2021-05-07',8,8),(54,3,'2021-08-12',12,9),(55,8,'2022-01-17',12,10),(56,6,'2021-09-18',8,10),(57,2,'2021-08-12',7,10),(58,3,'2021-06-27',7,8),(59,6,'2021-05-07',9,8),(60,6,'2022-09-27',8,8),(61,1,'2022-01-14',10,9),(62,4,'2021-05-07',12,7),(63,3,'2021-08-18',7,9),(64,1,'2021-03-14',10,8),(65,3,'2021-10-22',8,8),(66,8,'2021-04-23',8,9),(67,6,'2021-10-22',7,12),(68,3,'2021-01-30',10,10),(69,5,'2021-04-23',7,10),(70,1,'2022-01-07',8,9),(71,3,'2022-01-17',7,7),(72,8,'2021-04-23',10,10),(73,2,'2021-08-12',8,9),(74,1,'2021-04-23',12,10),(75,4,'2022-01-14',9,8),(76,8,'2022-01-28',7,9),(77,2,'2022-01-17',10,9),(78,8,'2021-06-27',8,12),(79,7,'2021-03-14',7,10),(80,1,'2022-01-28',8,7),(81,1,'2021-01-30',7,7),(82,3,'2021-08-12',7,10),(83,5,'2022-01-27',9,9),(84,1,'2021-06-27',9,9),(85,2,'2022-09-27',10,9),(86,3,'2021-04-27',8,10),(87,6,'2021-06-27',10,8),(88,6,'2021-09-18',10,8),(89,8,'2021-05-07',8,8),(90,6,'2021-10-22',9,10),(91,4,'2021-07-07',7,10),(92,7,'2021-08-18',9,8),(93,1,'2022-01-07',8,8),(94,8,'2021-03-14',10,10),(95,5,'2022-01-17',12,12),(96,5,'2021-01-30',7,8),(97,2,'2021-09-18',9,12),(98,1,'2022-01-14',7,10),(99,3,'2021-04-23',9,10),(100,2,'2021-07-07',9,12),(101,5,'2022-01-28',8,12),(102,4,'2021-03-14',12,8),(103,1,'2021-01-30',12,7),(104,7,'2021-06-27',10,7),(105,4,'2021-06-27',7,7),(106,5,'2021-08-12',10,10),(107,6,'2021-04-27',12,7),(108,3,'2021-08-12',7,7),(109,5,'2021-03-14',10,9),(110,3,'2021-06-27',8,7),(111,8,'2022-01-07',10,10),(112,6,'2021-07-07',8,9),(113,6,'2021-03-14',8,7),(114,6,'2021-09-18',10,9),(115,2,'2021-03-14',12,12),(116,7,'2021-05-07',10,8),(117,7,'2021-06-27',10,7),(118,7,'2022-01-27',9,8),(119,6,'2022-09-27',8,9),(120,3,'2022-01-17',12,7),(121,1,'2021-05-07',10,9),(122,2,'2022-01-15',12,7),(123,5,'2021-03-14',9,7),(124,7,'2021-08-18',7,10),(125,1,'2021-01-30',10,9),(126,3,'2022-01-15',12,7),(127,8,'2022-09-27',9,7);
/*!40000 ALTER TABLE `rest` ENABLE KEYS */;
UNLOCK TABLES;

--
-- Table structure for table `running`
--

DROP TABLE IF EXISTS `running`;
/*!40101 SET @saved_cs_client     = @@character_set_client */;
/*!50503 SET character_set_client = utf8mb4 */;
CREATE TABLE `running` (
  `running_id` int NOT NULL AUTO_INCREMENT,
  `person_id` int NOT NULL,
  `date` date DEFAULT NULL,
  `type` varchar(90) DEFAULT NULL,
  `total_time` int DEFAULT NULL,
  `total_distance` int DEFAULT NULL,
  `terrain` varchar(90) DEFAULT NULL,
  PRIMARY KEY (`running_id`),
  KEY `person_id` (`person_id`),
  CONSTRAINT `running_ibfk_1` FOREIGN KEY (`person_id`) REFERENCES `personal_information` (`person_id`)
) ENGINE=InnoDB AUTO_INCREMENT=132 DEFAULT CHARSET=utf8mb4 COLLATE=utf8mb4_0900_ai_ci;
/*!40101 SET character_set_client = @saved_cs_client */;

--
-- Dumping data for table `running`
--

LOCK TABLES `running` WRITE;
/*!40000 ALTER TABLE `running` DISABLE KEYS */;
INSERT INTO `running` VALUES (2,1,'2022-01-19','interval',1278,9786,'indoor'),(4,1,'2022-01-24','QWERTY1',1578,2786,'outdoor'),(5,2,'2021-12-14','interval',1789,1786,'outdoor'),(7,3,'2022-01-27','XD',123,12234,'outdoor'),(8,3,'2022-01-28','speed',1980,1990,'open'),(9,1,'2022-01-29','WWW',1,1,'o'),(10,4,'2021-04-23','HAHA',1200,449,'indoor'),(11,7,'2022-01-27','interval',2234,449,'indoor'),(12,7,'2021-07-07','interval',1222,3339,'outdoor'),(13,4,'2021-06-27','interval',5683,2233,'outdoor'),(14,2,'2021-04-23','sprint',2234,9008,'outdoor'),(15,8,'2022-01-17','sprint',5683,3339,'indoor'),(16,3,'2022-01-27','HAHA',2234,449,'outdoor'),(17,6,'2021-10-22','sprint',1222,9008,'indoor'),(18,3,'2021-07-07','HAHA',98,2233,'outdoor'),(19,1,'2022-01-17','sprint',2234,2233,'indoor'),(20,7,'2022-01-07','xD',98,9008,'outdoor'),(21,1,'2021-09-18','sprint',2234,2233,'outdoor'),(22,2,'2022-01-14','interval',98,7800,'outdoor'),(23,1,'2022-01-07','xD',123,209,'outdoor'),(24,3,'2022-01-28','xD',5683,9008,'outdoor'),(25,7,'2022-01-17','sprint',1222,7800,'indoor'),(26,7,'2021-03-14','HAHA',98,7800,'outdoor'),(27,7,'2022-01-17','xD',123,2233,'outdoor'),(28,4,'2022-01-17','interval',2234,2233,'outdoor'),(29,2,'2021-04-23','interval',5683,209,'indoor'),(30,7,'2022-01-28','HAHA',123,2233,'outdoor'),(31,8,'2022-01-15','xD',98,9008,'outdoor'),(32,8,'2022-01-07','xD',98,209,'outdoor'),(33,4,'2021-05-07','sprint',2234,9008,'outdoor'),(34,8,'2021-08-18','sprint',2234,9008,'outdoor'),(35,6,'2021-10-22','sprint',2234,209,'indoor'),(36,8,'2021-09-18','interval',5683,209,'outdoor'),(37,4,'2021-03-14','sprint',1200,449,'outdoor'),(38,1,'2021-04-27','interval',1200,449,'outdoor'),(39,8,'2021-03-14','HAHA',1222,9008,'outdoor'),(40,6,'2022-01-14','xD',123,209,'indoor'),(41,2,'2021-08-18','HAHA',98,9008,'indoor'),(42,3,'2022-01-07','HAHA',2234,2233,'indoor'),(43,6,'2022-01-17','interval',1222,209,'outdoor'),(44,7,'2021-06-27','interval',1200,209,'indoor'),(45,6,'2022-01-27','interval',1200,2233,'outdoor'),(46,8,'2022-01-17','HAHA',5683,7800,'outdoor'),(47,8,'2022-01-27','sprint',2234,449,'indoor'),(48,2,'2021-09-18','interval',98,9008,'indoor'),(49,8,'2021-04-23','xD',98,3339,'outdoor'),(50,8,'2022-01-27','interval',2234,7800,'outdoor'),(51,5,'2021-08-18','xD',1222,2233,'indoor'),(52,5,'2021-08-18','sprint',2234,7800,'indoor'),(53,4,'2021-03-14','interval',1200,2233,'indoor'),(54,1,'2022-01-14','interval',98,9008,'indoor'),(55,2,'2021-03-14','sprint',123,449,'indoor'),(56,7,'2021-08-18','interval',1222,7800,'indoor'),(57,2,'2022-09-27','sprint',1200,449,'indoor'),(58,8,'2021-08-18','xD',1222,449,'indoor'),(59,8,'2021-01-30','interval',5683,9008,'indoor'),(60,5,'2021-06-27','xD',123,449,'outdoor'),(61,7,'2022-01-17','HAHA',98,3339,'outdoor'),(62,1,'2021-06-27','HAHA',1200,2233,'outdoor'),(63,4,'2021-09-18','sprint',123,2233,'outdoor'),(64,8,'2021-09-18','sprint',2234,2233,'indoor'),(65,6,'2021-06-27','HAHA',98,2233,'outdoor'),(66,7,'2021-04-23','xD',1222,3339,'outdoor'),(67,4,'2021-04-27','sprint',123,9008,'indoor'),(68,7,'2021-05-07','sprint',5683,449,'outdoor'),(69,5,'2021-05-07','interval',1222,209,'indoor'),(70,7,'2021-03-14','sprint',123,2233,'outdoor'),(71,8,'2022-01-27','sprint',98,3339,'indoor'),(72,7,'2021-07-07','xD',98,449,'indoor'),(73,6,'2022-01-27','HAHA',123,2233,'indoor'),(74,2,'2022-01-07','xD',123,2233,'outdoor'),(75,1,'2021-09-18','sprint',1222,3339,'outdoor'),(76,6,'2021-05-07','interval',1200,2233,'indoor'),(77,2,'2021-01-30','sprint',1222,2233,'indoor'),(78,6,'2021-07-07','interval',5683,3339,'indoor'),(79,7,'2021-05-07','xD',123,3339,'outdoor'),(80,2,'2021-04-23','interval',1200,2233,'indoor'),(81,7,'2021-04-27','HAHA',1200,7800,'indoor'),(82,6,'2021-05-07','HAHA',123,3339,'outdoor'),(83,6,'2021-10-22','interval',5683,7800,'outdoor'),(84,8,'2021-07-07','sprint',5683,3339,'outdoor'),(85,3,'2021-10-22','interval',1222,209,'indoor'),(86,1,'2022-01-27','sprint',98,449,'indoor'),(87,3,'2022-01-28','xD',5683,3339,'indoor'),(88,4,'2022-01-14','interval',2234,7800,'indoor'),(89,4,'2022-01-17','interval',5683,9008,'indoor'),(90,6,'2021-08-18','sprint',1200,9008,'indoor'),(91,8,'2022-01-07','xD',123,2233,'indoor'),(92,3,'2022-01-17','interval',123,209,'outdoor'),(93,1,'2021-05-07','xD',2234,449,'indoor'),(94,1,'2022-01-07','interval',2234,9008,'indoor'),(95,6,'2021-05-07','sprint',98,209,'indoor'),(96,2,'2021-03-14','interval',2234,449,'indoor'),(97,4,'2022-01-15','HAHA',98,7800,'indoor'),(98,1,'2021-03-14','interval',2234,9008,'outdoor'),(99,5,'2022-01-28','interval',98,449,'indoor'),(100,2,'2021-06-27','sprint',5683,449,'indoor'),(101,4,'2021-05-07','xD',1222,7800,'indoor'),(102,5,'2021-08-12','sprint',123,9008,'outdoor'),(103,7,'2021-08-12','sprint',5683,209,'outdoor'),(104,7,'2021-06-27','HAHA',123,3339,'indoor'),(105,6,'2021-09-18','HAHA',98,449,'indoor'),(106,4,'2022-09-27','HAHA',5683,9008,'indoor'),(107,4,'2021-04-27','interval',123,9008,'indoor'),(108,7,'2021-03-14','xD',5683,209,'outdoor'),(109,3,'2021-04-23','interval',5683,2233,'indoor'),(110,5,'2021-09-18','interval',2234,3339,'indoor'),(111,3,'2022-01-27','HAHA',98,9008,'indoor'),(112,2,'2022-01-27','xD',5683,3339,'indoor'),(113,5,'2022-01-07','xD',5683,9008,'indoor'),(114,6,'2021-07-07','sprint',1200,449,'outdoor'),(115,2,'2021-07-07','xD',123,2233,'indoor'),(116,6,'2021-10-22','xD',1200,3339,'indoor'),(117,1,'2022-01-14','xD',2234,209,'outdoor'),(118,5,'2022-01-15','xD',1222,7800,'indoor'),(119,6,'2022-01-27','sprint',2234,3339,'indoor'),(120,2,'2022-01-17','xD',2234,209,'outdoor'),(121,7,'2021-08-18','sprint',1200,9008,'outdoor'),(122,3,'2021-04-27','xD',5683,209,'outdoor'),(123,6,'2021-09-18','xD',123,2233,'outdoor'),(124,1,'2021-10-22','HAHA',1200,449,'outdoor'),(125,6,'2021-03-14','interval',1200,3339,'outdoor'),(126,4,'2021-10-22','sprint',123,7800,'indoor'),(127,1,'2021-04-23','interval',1222,7800,'outdoor'),(128,1,'2021-09-18','xD',1200,7800,'outdoor'),(129,7,'2021-08-12','sprint',2234,449,'outdoor'),(130,7,'2021-08-12','xD',1222,449,'outdoor'),(131,8,'2021-07-07','interval',123,449,'outdoor');
/*!40000 ALTER TABLE `running` ENABLE KEYS */;
UNLOCK TABLES;

--
-- Table structure for table `swimming`
--

DROP TABLE IF EXISTS `swimming`;
/*!40101 SET @saved_cs_client     = @@character_set_client */;
/*!50503 SET character_set_client = utf8mb4 */;
CREATE TABLE `swimming` (
  `swimming_id` int NOT NULL AUTO_INCREMENT,
  `person_id` int NOT NULL,
  `date` date DEFAULT NULL,
  `type` varchar(90) DEFAULT NULL,
  `total_time` int DEFAULT NULL,
  `total_distance` int DEFAULT NULL,
  `water` varchar(90) DEFAULT NULL,
  PRIMARY KEY (`swimming_id`),
  KEY `person_id` (`person_id`),
  CONSTRAINT `swimming_ibfk_1` FOREIGN KEY (`person_id`) REFERENCES `personal_information` (`person_id`)
) ENGINE=InnoDB AUTO_INCREMENT=126 DEFAULT CHARSET=utf8mb4 COLLATE=utf8mb4_0900_ai_ci;
/*!40101 SET character_set_client = @saved_cs_client */;

--
-- Dumping data for table `swimming`
--

LOCK TABLES `swimming` WRITE;
/*!40000 ALTER TABLE `swimming` DISABLE KEYS */;
INSERT INTO `swimming` VALUES (2,3,'2022-01-28','HAHA',19080,9900,'open'),(3,1,'2022-01-28','speed',123,1100,'outdoor'),(4,7,'2022-01-15','interval',98,7800,'indoor'),(5,8,'2021-04-27','interval',5683,2233,'indoor'),(6,6,'2022-01-15','HAHA',98,209,'indoor'),(7,3,'2022-09-27','sprint',1222,209,'indoor'),(8,3,'2022-09-27','xD',2234,7800,'indoor'),(9,1,'2021-03-14','sprint',98,9008,'indoor'),(10,8,'2021-08-18','interval',1222,9008,'outdoor'),(11,2,'2021-06-27','HAHA',123,7800,'outdoor'),(12,6,'2022-09-27','sprint',1222,9008,'indoor'),(13,1,'2021-08-18','interval',5683,209,'outdoor'),(14,8,'2021-01-30','xD',98,209,'indoor'),(15,2,'2021-09-18','interval',1222,9008,'outdoor'),(16,4,'2022-09-27','HAHA',98,2233,'indoor'),(17,5,'2022-01-17','HAHA',1200,9008,'outdoor'),(18,2,'2021-09-18','xD',1200,2233,'indoor'),(19,5,'2022-01-15','HAHA',1222,3339,'indoor'),(20,4,'2021-10-22','HAHA',2234,7800,'indoor'),(21,4,'2021-07-07','HAHA',1222,449,'indoor'),(22,3,'2022-01-17','sprint',98,3339,'outdoor'),(23,2,'2021-03-14','sprint',123,2233,'indoor'),(24,3,'2021-04-27','xD',123,2233,'indoor'),(25,3,'2021-01-30','interval',1200,209,'indoor'),(26,8,'2022-01-17','xD',2234,449,'outdoor'),(27,5,'2022-01-15','sprint',2234,449,'indoor'),(28,7,'2022-01-15','sprint',2234,2233,'outdoor'),(29,1,'2022-01-14','interval',123,449,'outdoor'),(30,7,'2022-01-17','sprint',1200,449,'outdoor'),(31,8,'2022-09-27','sprint',1200,7800,'indoor'),(32,8,'2022-01-27','HAHA',98,2233,'indoor'),(33,8,'2021-08-18','interval',123,3339,'outdoor'),(34,1,'2021-08-18','interval',98,449,'outdoor'),(35,4,'2022-01-17','sprint',123,3339,'outdoor'),(36,6,'2022-01-17','interval',123,449,'outdoor'),(37,7,'2021-03-14','xD',98,449,'indoor'),(38,1,'2021-04-23','xD',1200,449,'outdoor'),(39,8,'2021-01-30','sprint',1222,209,'indoor'),(40,5,'2022-01-14','interval',98,3339,'outdoor'),(41,8,'2021-04-23','sprint',5683,449,'indoor'),(42,8,'2021-04-27','sprint',123,449,'indoor'),(43,6,'2022-01-17','sprint',1222,9008,'indoor'),(44,1,'2022-01-15','xD',5683,7800,'indoor'),(45,1,'2021-04-27','interval',1222,2233,'indoor'),(46,8,'2021-08-12','xD',123,209,'indoor'),(47,1,'2022-01-15','interval',2234,2233,'outdoor'),(48,2,'2022-01-27','interval',1200,3339,'outdoor'),(49,8,'2022-01-07','xD',2234,7800,'outdoor'),(50,3,'2022-01-07','interval',2234,2233,'indoor'),(51,8,'2022-01-17','interval',98,7800,'indoor'),(52,6,'2022-01-17','interval',1222,3339,'outdoor'),(53,6,'2022-01-14','sprint',1222,9008,'outdoor'),(54,3,'2021-08-12','HAHA',1222,9008,'indoor'),(55,2,'2021-01-30','sprint',98,7800,'indoor'),(56,5,'2021-07-07','interval',2234,7800,'indoor'),(57,5,'2021-05-07','HAHA',123,449,'indoor'),(58,3,'2022-01-17','xD',5683,9008,'indoor'),(59,4,'2021-10-22','sprint',1200,3339,'outdoor'),(60,6,'2022-09-27','sprint',1200,7800,'indoor'),(61,2,'2022-01-07','sprint',2234,7800,'outdoor'),(62,4,'2022-01-14','xD',5683,9008,'outdoor'),(63,6,'2022-01-15','sprint',1222,3339,'indoor'),(64,3,'2022-09-27','HAHA',5683,449,'outdoor'),(65,4,'2021-10-22','HAHA',1200,449,'outdoor'),(66,2,'2022-01-17','xD',123,449,'outdoor'),(67,5,'2021-08-12','sprint',123,7800,'indoor'),(68,7,'2022-01-27','xD',1222,9008,'outdoor'),(69,2,'2021-01-30','interval',1200,3339,'outdoor'),(70,7,'2022-01-28','HAHA',98,3339,'indoor'),(71,8,'2022-01-14','sprint',123,209,'indoor'),(72,4,'2022-01-07','interval',2234,7800,'indoor'),(73,1,'2021-04-23','xD',2234,7800,'outdoor'),(74,7,'2021-09-18','xD',2234,3339,'indoor'),(75,4,'2021-08-12','HAHA',98,449,'indoor'),(76,3,'2021-08-12','sprint',1200,3339,'indoor'),(77,4,'2022-09-27','interval',1200,7800,'indoor'),(78,5,'2021-01-30','xD',98,7800,'outdoor'),(79,5,'2022-01-07','xD',123,449,'indoor'),(80,5,'2022-01-28','interval',5683,449,'indoor'),(81,8,'2022-09-27','HAHA',1222,209,'outdoor'),(82,1,'2021-06-27','HAHA',1200,2233,'indoor'),(83,2,'2021-04-23','interval',98,2233,'indoor'),(84,5,'2021-09-18','interval',2234,9008,'indoor'),(85,8,'2022-01-15','xD',2234,3339,'outdoor'),(86,4,'2021-04-23','interval',5683,2233,'indoor'),(87,1,'2021-08-18','sprint',1222,3339,'outdoor'),(88,6,'2021-10-22','HAHA',123,3339,'indoor'),(89,2,'2021-08-18','HAHA',98,449,'outdoor'),(90,3,'2021-08-18','interval',1200,9008,'indoor'),(91,3,'2022-09-27','HAHA',123,449,'indoor'),(92,1,'2021-04-23','HAHA',2234,449,'indoor'),(93,3,'2021-04-27','HAHA',1200,7800,'indoor'),(94,1,'2022-01-28','sprint',123,9008,'indoor'),(95,6,'2022-01-17','interval',98,209,'indoor'),(96,1,'2022-01-14','HAHA',123,2233,'indoor'),(97,1,'2021-07-07','xD',98,449,'indoor'),(98,5,'2021-09-18','HAHA',123,209,'outdoor'),(99,4,'2021-08-12','interval',1222,9008,'indoor'),(100,7,'2022-01-15','HAHA',5683,209,'indoor'),(101,7,'2022-01-17','sprint',1200,7800,'indoor'),(102,3,'2021-04-23','interval',1200,2233,'indoor'),(103,5,'2022-01-15','xD',98,7800,'outdoor'),(104,1,'2021-01-30','xD',2234,3339,'indoor'),(105,3,'2022-01-28','HAHA',98,9008,'indoor'),(106,6,'2021-09-18','sprint',98,3339,'outdoor'),(107,8,'2021-10-22','xD',98,9008,'outdoor'),(108,7,'2021-01-30','sprint',2234,7800,'indoor'),(109,4,'2021-01-30','interval',1200,3339,'outdoor'),(110,8,'2021-08-18','sprint',5683,209,'outdoor'),(111,6,'2022-01-07','xD',1222,209,'outdoor'),(112,7,'2022-01-17','xD',2234,209,'outdoor'),(113,5,'2021-06-27','xD',98,449,'outdoor'),(114,2,'2022-09-27','HAHA',123,3339,'indoor'),(115,2,'2021-08-12','sprint',1200,2233,'indoor'),(116,2,'2021-01-30','HAHA',5683,3339,'outdoor'),(117,6,'2022-01-28','xD',1200,449,'outdoor'),(118,2,'2022-01-17','HAHA',1222,209,'outdoor'),(119,8,'2021-01-30','sprint',5683,2233,'outdoor'),(120,8,'2022-09-27','HAHA',1222,3339,'indoor'),(121,1,'2021-09-18','HAHA',1222,9008,'indoor'),(122,2,'2021-08-18','HAHA',123,209,'indoor'),(123,8,'2022-01-07','HAHA',5683,209,'indoor'),(124,1,'2021-07-07','sprint',1222,9008,'indoor'),(125,2,'2021-05-07','interval',1222,3339,'outdoor');
/*!40000 ALTER TABLE `swimming` ENABLE KEYS */;
UNLOCK TABLES;

--
-- Table structure for table `weight_lifting`
--

DROP TABLE IF EXISTS `weight_lifting`;
/*!40101 SET @saved_cs_client     = @@character_set_client */;
/*!50503 SET character_set_client = utf8mb4 */;
CREATE TABLE `weight_lifting` (
  `weight_lifting_id` int NOT NULL AUTO_INCREMENT,
  `person_id` int NOT NULL,
  `date` date DEFAULT NULL,
  `type` varchar(90) DEFAULT NULL,
  `no_series` int DEFAULT NULL,
  `repeats_per_series` int DEFAULT NULL,
  `weight` int DEFAULT NULL,
  PRIMARY KEY (`weight_lifting_id`),
  KEY `person_id` (`person_id`),
  CONSTRAINT `weight_lifting_ibfk_1` FOREIGN KEY (`person_id`) REFERENCES `personal_information` (`person_id`)
) ENGINE=InnoDB AUTO_INCREMENT=125 DEFAULT CHARSET=utf8mb4 COLLATE=utf8mb4_0900_ai_ci;
/*!40101 SET character_set_client = @saved_cs_client */;

--
-- Dumping data for table `weight_lifting`
--

LOCK TABLES `weight_lifting` WRITE;
/*!40000 ALTER TABLE `weight_lifting` DISABLE KEYS */;
INSERT INTO `weight_lifting` VALUES (2,3,'2022-01-28','interval',12,4,30),(3,4,'2022-01-27','HAHA',33,8,60),(4,8,'2022-01-14','HAHA',10,20,90),(5,5,'2021-01-30','interval',33,33,60),(6,4,'2022-01-17','sprint',33,33,100),(7,5,'2022-09-27','xD',20,33,60),(8,5,'2022-01-17','sprint',20,10,60),(9,6,'2022-01-27','interval',20,20,60),(10,1,'2022-01-07','sprint',12,10,200),(11,7,'2021-04-27','HAHA',10,10,100),(12,4,'2022-01-15','HAHA',10,33,90),(13,6,'2021-07-07','interval',12,20,80),(14,6,'2021-04-23','xD',10,20,80),(15,5,'2021-09-18','interval',8,12,90),(16,6,'2021-05-07','interval',33,33,200),(17,7,'2021-04-27','HAHA',33,10,90),(18,7,'2021-08-18','xD',10,20,200),(19,6,'2021-08-18','interval',8,8,90),(20,4,'2021-01-30','HAHA',33,8,90),(21,3,'2021-01-30','xD',20,12,80),(22,2,'2021-07-07','xD',8,12,200),(23,1,'2021-09-18','sprint',10,20,100),(24,3,'2022-01-17','xD',10,10,60),(25,6,'2021-08-18','interval',10,8,200),(26,3,'2021-03-14','HAHA',20,33,100),(27,2,'2021-08-12','sprint',10,33,60),(28,4,'2022-01-17','xD',12,10,200),(29,8,'2021-10-22','xD',10,8,200),(30,3,'2022-01-14','sprint',33,8,100),(31,6,'2022-01-14','interval',8,20,90),(32,2,'2021-08-12','xD',10,10,200),(33,6,'2021-05-07','xD',8,10,80),(34,4,'2022-01-17','sprint',12,33,90),(35,4,'2022-01-14','interval',10,20,80),(36,8,'2021-01-30','interval',10,20,90),(37,5,'2022-09-27','HAHA',33,12,90),(38,5,'2021-08-18','HAHA',33,20,60),(39,4,'2021-01-30','HAHA',12,33,100),(40,2,'2021-09-18','interval',8,8,60),(41,1,'2021-10-22','HAHA',33,8,90),(42,1,'2021-06-27','HAHA',10,10,200),(43,3,'2021-01-30','interval',10,8,90),(44,8,'2021-10-22','xD',10,10,100),(45,7,'2021-08-18','HAHA',8,10,60),(46,3,'2021-08-12','HAHA',10,12,80),(47,8,'2021-09-18','xD',10,8,200),(48,6,'2021-04-23','HAHA',10,8,100),(49,3,'2022-09-27','HAHA',20,20,90),(50,1,'2021-09-18','interval',8,20,90),(51,3,'2022-01-17','interval',12,8,80),(52,8,'2021-09-18','HAHA',20,20,200),(53,6,'2022-01-14','sprint',8,20,90),(54,8,'2021-08-12','xD',8,10,90),(55,8,'2021-08-18','xD',33,8,90),(56,3,'2021-10-22','interval',20,33,80),(57,8,'2022-01-28','xD',12,8,100),(58,1,'2022-01-14','sprint',12,8,90),(59,2,'2022-01-17','xD',10,8,100),(60,6,'2022-01-07','interval',20,33,90),(61,6,'2021-08-18','sprint',8,20,80),(62,7,'2021-03-14','xD',33,8,200),(63,1,'2022-01-17','xD',12,33,80),(64,6,'2021-05-07','interval',20,8,60),(65,7,'2022-01-17','sprint',8,8,80),(66,1,'2022-01-17','interval',10,20,90),(67,1,'2021-09-18','interval',20,12,90),(68,4,'2022-01-14','xD',8,33,80),(69,8,'2021-03-14','HAHA',20,12,100),(70,6,'2021-04-23','xD',12,20,200),(71,6,'2021-04-23','sprint',33,33,90),(72,8,'2022-01-15','xD',8,33,200),(73,7,'2021-08-18','xD',8,8,90),(74,1,'2021-01-30','HAHA',10,12,200),(75,3,'2022-01-15','interval',33,12,60),(76,1,'2021-04-23','xD',8,12,90),(77,5,'2021-04-23','HAHA',10,20,60),(78,2,'2021-01-30','interval',12,33,100),(79,2,'2022-01-27','interval',20,20,200),(80,1,'2021-05-07','interval',20,10,200),(81,1,'2022-01-27','interval',33,20,90),(82,3,'2021-07-07','HAHA',20,8,200),(83,1,'2022-01-28','xD',20,10,80),(84,3,'2022-01-28','interval',10,12,200),(85,2,'2021-09-18','HAHA',12,33,100),(86,3,'2022-01-14','interval',10,10,60),(87,8,'2021-05-07','sprint',10,8,90),(88,2,'2021-07-07','interval',8,20,90),(89,5,'2022-01-14','xD',20,20,80),(90,4,'2022-01-17','sprint',10,10,100),(91,1,'2021-07-07','sprint',33,12,60),(92,8,'2021-10-22','sprint',10,20,90),(93,5,'2021-08-18','xD',20,12,60),(94,5,'2021-08-18','xD',8,12,200),(95,3,'2021-10-22','xD',10,12,100),(96,5,'2021-09-18','sprint',10,8,60),(97,6,'2021-08-18','interval',12,12,80),(98,3,'2022-01-17','sprint',33,10,60),(99,5,'2022-09-27','sprint',10,12,90),(100,2,'2021-04-23','xD',33,33,90),(101,6,'2021-04-23','xD',20,33,200),(102,6,'2022-01-27','xD',12,10,200),(103,6,'2021-05-07','interval',33,12,60),(104,7,'2021-03-14','xD',12,10,60),(105,5,'2022-01-28','sprint',12,10,90),(106,1,'2022-01-17','xD',20,33,60),(107,2,'2021-06-27','xD',20,10,60),(108,2,'2022-09-27','xD',33,33,100),(109,8,'2021-06-27','interval',33,20,100),(110,5,'2021-06-27','sprint',33,8,80),(111,5,'2021-06-27','sprint',33,33,200),(112,3,'2021-05-07','sprint',10,8,100),(113,8,'2021-04-23','sprint',20,12,60),(114,5,'2021-07-07','HAHA',33,20,200),(115,3,'2022-01-15','xD',33,10,100),(116,5,'2022-01-14','interval',8,33,60),(117,1,'2022-01-27','xD',10,33,60),(118,4,'2022-01-17','xD',8,33,60),(119,7,'2022-01-28','sprint',12,20,90),(120,4,'2022-01-07','xD',8,8,80),(121,7,'2021-05-07','HAHA',33,20,200),(122,1,'2021-10-22','xD',20,8,90),(123,3,'2022-01-14','HAHA',20,20,60),(124,6,'2021-03-14','interval',8,33,60);
/*!40000 ALTER TABLE `weight_lifting` ENABLE KEYS */;
UNLOCK TABLES;
/*!40103 SET TIME_ZONE=@OLD_TIME_ZONE */;

/*!40101 SET SQL_MODE=@OLD_SQL_MODE */;
/*!40014 SET FOREIGN_KEY_CHECKS=@OLD_FOREIGN_KEY_CHECKS */;
/*!40014 SET UNIQUE_CHECKS=@OLD_UNIQUE_CHECKS */;
/*!40101 SET CHARACTER_SET_CLIENT=@OLD_CHARACTER_SET_CLIENT */;
/*!40101 SET CHARACTER_SET_RESULTS=@OLD_CHARACTER_SET_RESULTS */;
/*!40101 SET COLLATION_CONNECTION=@OLD_COLLATION_CONNECTION */;
/*!40111 SET SQL_NOTES=@OLD_SQL_NOTES */;

-- Dump completed on 2022-01-28 19:13:41
